,manufacturer
964,Fresco
885,Felchlin
2508,Zoto (Chocolatoa)
1569,Metiisto
2303,Tejas
142,Arete
1581,Michel Cluizel
1732,Odyssey
312,Bonnat
1945,Raaka
984,Fresco
1681,Neuhaus (Callebaut)
623,Coppeneur
262,Bittersweet Origins
1924,Pura Delizia
1814,Park 75
2484,Zac Squared
374,Cacao Barry
1331,La Maison du Chocolat (Valrhona)
948,French Broad
1884,Pralus
1054,Glennmade
595,Cleveland Chocolate Company
1365,Legast
1523,Mast Brothers
2210,Spencer
1559,Menakao (aka Cinagra)
2507,Zoto (Chocolatoa)
1762,organicfair
1638,Molucca
1689,Nikoa
1726,Odyssey
2047,Scharffen Berger
2149,Soma
642,Crow and Moss
2084,Sirene
86,Amazing Cacao
782,Domori
1178,Holy Cacao
2182,Soma
990,Fresco
89,Ambrosia
1038,Fruition
2099,"Smooth Chocolator, The"
796,Double Spiral
1013,Friis Holm (Bonnat)
1072,Green Bean to Bar
876,Ethereal
154,Argencove
537,Chocolate Makers
1588,Middlebury
2451,Wilkie's Organic
629,Coppeneur
1273,Kallari (Ecuatoriana)
1002,Friis Holm
118,Ara
552,Chocosol
256,Bittersweet Origins
979,Fresco
591,Claudio Corallo
475,Castronovo
2399,Valrhona
916,Fossa
1605,Millesime
228,Belyzium
482,Castronovo
452,Caoni (Tulicorp)
712,Davis
547,Chocolats Privilege
621,Coppeneur
443,Cao
88,Amazona
2163,Soma
1615,Mindo
888,Felchlin
1624,Mission
1545,Maverick
235,Benoit Nihant
2480,Xocolatl
1320,La Chocolaterie Nanairo
1052,Georgia Ramon
734,DeVries
724,Dean and Deluca (Belcolade)
395,Cacao Hunters
2087,Sirene
822,Durci
1986,Rococo (Grenada Chocolate Co.)
2489,Zak's
295,Bonnat
1221,Idilio (Felchlin)
1189,Hotel Chocolat (Coppeneur)
2026,Salgado
2260,Szanto Tibor
1757,Orfeve
692,Danta
2147,Soma
212,Bean
148,Arete
1629,Moho
2432,Violet Sky
2056,Seahorse
1996,Rogue
527,Chocolate Con Amor
889,Felchlin
72,Amano
1275,Kallari (Ecuatoriana)
1546,Maverick
284,Blue Bandana
1761,organicfair
2415,Videri
718,De Villiers
106,Amedei
1081,Guido Castagna
1312,L.A. Burdick (Felchlin)
1156,hexx
1672,Nathan Miller
1695,Ninth (9th) & Larkin
651,Cuna de Piedra
1518,Mast Brothers
680,Dandelion
1119,Harper Macaw
2129,Solstice
1591,Middlebury
1710,Nuance
1152,hexx
631,Coppeneur
1217,Idilio (Felchlin)
903,Five (5)Mile
1753,Or Dubh
1583,Michel Cluizel
806,Duffy's
2351,Triangle Roasters
397,Cacao Hunters
1889,Pralus
1989,Rogue
616,Coppeneur
1961,Republica del Cacao (aka Confecta)
371,Cacao Atlanta
1274,Kallari (Ecuatoriana)
334,Brasstown aka It's Chocolate
1480,Map Chocolate
416,Cacao Store
874,Ethereal
727,Definite
1654,Muchomas (Mesocacao)
1434,Madre
1436,Madre
1362,Land
325,Bowler Man
945,French Broad
138,Arete
850,Encuentro
1556,Mellow
703,DAR
2301,Tejas
1971,Ritual
683,Dandelion
1965,Ritual
760,Doble & Bignall
1322,La Chocolaterie Nanairo
2104,"Smooth Chocolator, The"
594,Cleveland Chocolate Company
1419,Lumineux
1767,Original Beans (Felchlin)
719,Dean and Deluca (Belcolade)
993,Fresco
2041,Scharffen Berger
833,El Buen
685,Dandelion
2330,Tibito
2064,Shane Chocolate Works
783,Domori
139,Arete
1008,Friis Holm
583,Christopher Elbow
854,ENNA
574,Chokola
2074,Shattell
1562,Mesocacao
237,Benoit Nihant
743,Dick Taylor
2274,Tala
20,A. Morin
1735,Odyssey
1643,Monarque
1398,Lonohana
1737,Ohiyo
735,Dick Taylor
11,A. Morin
298,Bonnat
441,Cao
1316,L.A. Burdick (Felchlin)
1505,Marou
477,Castronovo
1718,Ocho
1593,Middlebury
76,Amano
29,A. Morin
1308,Kyya
493,Cello
129,Arete
1752,Omnom
438,C-Amaro
1194,Hotel Chocolat (Coppeneur)
1582,Michel Cluizel
1633,Moka Origins
2395,Valrhona
2223,Stella (aka Bernrain)
2179,Soma
1850,Pierre Marcolini
705,Darcis
2167,Soma
223,Bellflower
803,Duffy's
1234,Izard
946,French Broad
550,Chocolibrium
2509,Zotter
1307,Kyya
1033,Fruition
1729,Odyssey
570,Choklat
597,Coco
713,Davis
2367,Uncouth
2152,Soma
1062,Gotham
343,Brazen
387,Cacao de Origen
763,Dolfin (Belcolade)
2201,Spagnvola
307,Bonnat
2368,Uncouth
131,Arete
1479,Map Chocolate
604,Compania de Chocolate (Salgado)
761,Doble & Bignall
2455,Willie's Cacao
2384,Valrhona
385,Cacao de Origen
2441,White Label aka Mutari
2175,Soma
164,Artisan du Chocolat
149,Arete
1738,Oialla by Bojessen (Malmo)
497,Chaleur B
1222,Idilio (Felchlin)
1192,Hotel Chocolat (Coppeneur)
1982,Roasting Masters
2391,Valrhona
367,Cacao 70
1056,Goodnow Farms
585,Christopher Elbow
1609,Millesime
2091,Sirene
2292,TCHO
1923,Pura Delizia
2138,Soma
1841,Pierre Marcolini
1371,Letterpress
345,Brazen
1731,Odyssey
1305,Kyya
2021,S.A.I.D.
1778,Pacari
699,Danta
700,Danta
2300,Tejas
1435,Madre
350,Bright
1747,Olivia
2103,"Smooth Chocolator, The"
944,Frederic Blondeel
2338,Tocoti
1786,Pacari
226,Belvie
2359,twenty-four blackbirds
1871,Poppy and Peep
929,Foundry
1491,Marana
1863,Pitch Dark
511,Chloe Chocolat
1036,Fruition
167,Artisan du Chocolat
2371,Undone
906,FJAK
676,Dandelion
2343,Tosier
2516,Zotter
253,Bitacora
1966,Ritual
792,Dormouse
1065,Gotham
1277,Kallari (Ecuatoriana)
1182,Hotel Chocolat
798,Double Spiral
773,Domori
1717,Ocho
2409,Vicuna
1707,Nuance
1210,Hummingbird
1374,Letterpress
2522,Zotter
542,Chocolate Tree
904,Five (5)Mile
1005,Friis Holm
887,Felchlin
701,DAR
917,Fossa
1906,Pralus
1513,Marsatta
66,Altus aka Cao Artisan
1724,Odyssey
1345,Laia aka Chat-Noir
269,Bittersweet Origins
881,Feitoria Cacao
1190,Hotel Chocolat (Coppeneur)
1915,Pump Street Bakery
31,A. Morin
1975,Ritual
1907,Pralus
1570,Metiisto
2098,Sjolinds
1973,Ritual
875,Ethereal
1538,Matale
156,Argencove
1933,Qantu
645,Crow and Moss
1864,Pitch Dark
1835,Pierre Marcolini
1769,Original Beans (Felchlin)
2285,Taza
417,Cacao Store
2109,"Smooth Chocolator, The"
1364,Landmark (Amano)
2140,Soma
1756,Orfeve
1193,Hotel Chocolat (Coppeneur)
1994,Rogue
1869,Pomm (aka Dead Dog)
2114,"Smooth Chocolator, The"
576,Chokola
677,Dandelion
1984,Robert (aka Chocolaterie Robert)
108,AMMA
2061,Seahorse
165,Artisan du Chocolat
818,Durci
2369,Uncouth
1967,Ritual
1146,hello cocoa (now Markham & Fitz)
1927,Q Chocolate
163,Artisan du Chocolat
495,Cello
1445,Maglio
2387,Valrhona
2246,Sweet Escalier
99,Amedei
573,Chokola
186,Auro
1315,L.A. Burdick (Felchlin)
2018,S.A.I.D.
1853,Piety and Desire
1181,Hotel Chocolat
35,Acalli
878,Exquisito
2390,Valrhona
941,Frederic Blondeel
1242,Johnny Iuzzini
1188,Hotel Chocolat (Coppeneur)
2191,Soma
2245,Sweet Escalier
1408,Love Brown
2321,The Barn
2014,Ruket
1948,Ranger
1400,Lonohana
2226,Stone Grindz
1158,hexx
1675,Nearynogs
181,Askinosie
973,Fresco
2306,Tejas
2016,Ruket
249,Bisou
2354,Tribe
213,Beau Cacao
778,Domori
999,Fresh Coast aka Just Good Choc.
2471,Woodblock
2517,Zotter
1567,Mestico
1050,Georgia Ramon
98,Amedei
1086,Guittard
1579,Michel Cluizel
1133,Heinde & Verre
1891,Pralus
1130,Heilemann
624,Coppeneur
549,Chocolibrium
1517,Mast Brothers
2097,Sjolinds
460,Caribeans
2125,Solkiki
1794,Palette de Bine
998,Fresh Coast aka Just Good Choc.
2208,Spencer
1960,Republica del Cacao (aka Confecta)
1071,Green & Black's (ICAM)
2492,Zak's
1619,Mirzam
843,Eldora
2325,Theo
898,Firetree
827,Eau de Rose
755,Diogo Vaz
465,Carlotta Chocolat
2011,Rozsavolgyi
668,Dandelion
1150,hexx
418,Cacao Store
369,Cacao Atlanta
1678,Neuhaus (Callebaut)
1396,Lonohana
1851,Pierre Marcolini
1625,Mission
356,Bullion
170,Artisan du Chocolat
1209,Hummingbird
1802,Palette de Bine
401,Cacao Prieto
1898,Pralus
1219,Idilio (Felchlin)
2081,Silvio Bessone
1339,La Maison du Chocolat (Valrhona)
1719,Ocho
2134,Solstice
1395,Loiza
1845,Pierre Marcolini
1947,Rancho San Jacinto
2355,Tribe
1174,Holy Cacao
462,Caribeans
265,Bittersweet Origins
794,Dormouse
1665,Naive
1356,Lake Champlain (Callebaut)
403,Cacao Prieto
2298,Tejas
563,Chocovic
2161,Soma
2271,Tablette (aka Vanillabeans)
508,Chequessett
648,Cultura
1510,Mars
2035,Scharffen Berger
151,Arete
215,Beehive
1705,Nuance
2378,Valrhona
2266,Tabal
1347,Laia aka Chat-Noir
2505,Zoto (Chocolatoa)
1447,Malagasy (Chocolaterie Robert)
339,Brasstown aka It's Chocolate
2416,Videri
1498,Marou
1333,La Maison du Chocolat (Valrhona)
1344,La Rifa
2,5150
453,Caoni (Tulicorp)
2173,Soma
244,Beschle (Felchlin)
2316,Terroir
1616,Minimal
2308,Tejas
1790,Palet D'Or
674,Dandelion
762,Dole (Guittard)
795,Dormouse
422,Cacaosuyo
365,Cacao 70
2398,Valrhona
1014,Friis Holm (Bonnat)
2078,Sibu Sura
1260,Kah Kow - USA
2023,Sacred
2428,Violet Sky
1803,Palette de Bine
318,Bonnat
1165,Hoja Verde (Tulicorp)
2197,Soul
203,Bar Au Chocolat
229,Belyzium
352,Bright
1385,Lillie Belle
2005,Rozsavolgyi
2462,Wm
1342,La Rifa
509,Chequessett
117,Ara
1163,Hogarth
519,Chocolarder
1106,Habitual
774,Domori
1577,Michel Cluizel
1494,Maribea
2052,Seaforth
1227,iQ Chocolate
372,Cacao Atlanta
419,Cacaodada
793,Dormouse
1656,Mutari
69,Altus aka Cao Artisan
729,Definite
479,Castronovo
169,Artisan du Chocolat
1264,Kah Kow - USA
2382,Valrhona
765,Domori
2075,Shattell
1679,Neuhaus (Callebaut)
1168,Hoja Verde (Tulicorp)
111,AMMA
463,Caribeans
688,Dandelion (aka Brower Ave)
1392,Lirio
548,Chocolibrium
1155,hexx
454,Captain Pembleton
2265,Tabal
46,Aequare (Gianduja)
1042,Fu Wan
1787,Pacari
450,Caoni (Tulicorp)
1297,Kto
2504,Zokoko
900,Firetree
348,Breeze Mill
2469,Woodblock
880,Feitoria Cacao
1336,La Maison du Chocolat (Valrhona)
455,Captain Pembleton
1509,Mars
246,Beschle (Felchlin)
294,Bonnat
1416,Luker
2007,Rozsavolgyi
1199,Hotel Chocolat (Coppeneur)
1139,Heirloom Cacao Preservation (Guittard)
2217,Starchild
1349,Laia aka Chat-Noir
1270,Kallari (Ecuatoriana)
877,Ethereal
1758,Orfeve
128,Arete
1998,Rogue
1334,La Maison du Chocolat (Valrhona)
2520,Zotter
2396,Valrhona
2216,SRSLY
1432,Madre
1154,hexx
1602,Millcreek Cacao Roasters
747,Dick Taylor
1590,Middlebury
694,Danta
1983,Roasting Masters
670,Dandelion
1536,Matale
601,Cocoa Forge
100,Amedei
837,El Rey
338,Brasstown aka It's Chocolate
277,Black Mountain
261,Bittersweet Origins
1239,Johnny Iuzzini
2284,Taza
714,Davis
983,Fresco
437,C-Amaro
748,Dick Taylor
267,Bittersweet Origins
428,Cacaoyere (Ecuatoriana)
2001,Rogue
777,Domori
115,Animas
639,Cravve
673,Dandelion
2438,Wellington Chocolate Factory
644,Crow and Moss
831,Edelmond
868,Ethel's Artisan (Mars)
565,Chocovivo
966,Fresco
82,Amatller (Simon Coll)
924,Foundry
2221,Starchild
103,Amedei
1068,Great Lakes
1953,Raphio
1902,Pralus
1402,Loon
386,Cacao de Origen
1603,Millcreek Cacao Roasters
1894,Pralus
899,Firetree
1015,Friis Holm (Bonnat)
1862,Pitch Dark
1874,Potomac
1856,Pitch Dark
1462,Manoa
2281,Taucherli
2323,Theo
2042,Scharffen Berger
1051,Georgia Ramon
2337,Tocoti
436,C-Amaro
1799,Palette de Bine
1951,Ranger
1074,Green Door
634,Cravve
2243,Sweet Escalier
1626,Mita
370,Cacao Atlanta
1932,Q Chocolate
279,Black Sheep
848,Encuentro
1448,Malagasy (Chocolaterie Robert)
1236,Jean Marie Auboine
770,Domori
308,Bonnat
2144,Soma
1990,Rogue
1296,Kto
1604,Millesime
17,A. Morin
484,Castronovo
1415,Luker
2302,Tejas
1886,Pralus
1661,Nahua
360,Burnt Fork Bend
1148,Hemisphere
2000,Rogue
978,Fresco
504,Chchukululu (Tulicorp)
695,Danta
756,Diogo Vaz
2145,Soma
1992,Rogue
1265,Kaitxo
1475,Map Chocolate
209,Batch
2365,Two Ravens
1474,Manufaktura Czekolady
121,Arete
296,Bonnat
1113,Habitual
2038,Scharffen Berger
862,Escazu
305,Bonnat
2383,Valrhona
2468,Woodblock
1773,Original Hawaiin Chocolate Factory
90,Ambrosia
1231,Isidro
826,East Van Roasters
1053,Glennmade
241,Beschle (Felchlin)
514,Choco Del Sol
1384,Lilla
2297,Tejas
2050,Scharffen Berger
134,Arete
1122,Harper Macaw
720,Dean and Deluca (Belcolade)
393,Cacao Hunters
1327,La Feverie (Hasnaa)
959,Fresco
2177,Soma
1321,La Chocolaterie Nanairo
1032,Fruition
1418,Lumineux
1369,Letterpress
1918,Pump Street Bakery
630,Coppeneur
1471,Manufaktura Czekolady
2111,"Smooth Chocolator, The"
1027,Fruition
1045,Georgia Ramon
1496,Markham & Fitz
1843,Pierre Marcolini
2334,To'ak
1409,Luisa Abram
1048,Georgia Ramon
1198,Hotel Chocolat (Coppeneur)
883,Felchlin
322,Bonnat
319,Bonnat
1446,Majani
1744,Olivia
230,Belyzium
1700,Noir d' Ebine
2116,Snake & Butterfly
622,Coppeneur
652,Daintree
1639,Molucca
494,Cello
1683,Nibble
732,DeVries
1061,Goodnow Farms
1290,Krak
1191,Hotel Chocolat (Coppeneur)
132,Arete
1098,Guittard
1842,Pierre Marcolini
2347,Treehouse aka Indaphoria
447,Caofiori
286,Blue Bandana
664,Dandelion
44,Aelan
1669,Naive
1655,Musee du Chocolat Theobroma
2186,Soma
490,Castronovo
855,ENNA
130,Arete
311,Bonnat
2385,Valrhona
1709,Nuance
331,Brasstown aka It's Chocolate
384,Cacao de Origen
931,Franceschi
2198,Soul
2525,Zotter
2358,twenty-four blackbirds
501,Chapon
2331,Tibito
912,Fossa
1981,Roasting Masters
1397,Lonohana
853,ENNA
2184,Soma
996,Fresh Coast
2199,Soul
1289,Krak
684,Dandelion
37,Adi aka Fijiana (Easy In Ltd)
739,Dick Taylor
1057,Goodnow Farms
310,Bonnat
1037,Fruition
2366,Un Dimanche A Paris
2164,Soma
2518,Zotter
1118,Haigh
1839,Pierre Marcolini
1499,Marou
2380,Valrhona
2255,Szanto Tibor
559,Chocovic
1022,Friis Holm (Bonnat)
1075,Grenada Chocolate Co.
329,Brasstown
801,Duffy's
1623,Mission
1318,La Cascade du Chocolat
309,Bonnat
577,Chokola
741,Dick Taylor
1674,Nathan Miller
1755,Or Dubh
2495,Zart Pralinen
1730,Odyssey
1255,Kah Kow
2272,Tablette (aka Vanillabeans)
517,Chococard (Lapos)
217,Beehive
928,Foundry
1229,Isidro
483,Castronovo
2110,"Smooth Chocolator, The"
505,Chchukululu (Tulicorp)
733,DeVries
943,Frederic Blondeel
2459,Willie's Cacao
1715,Ocelot
2013,Ruket
977,Fresco
933,Franceschi
2232,Summerbird
1568,Metiisto
951,French Broad
1115,Hachez
557,Chocovic
1944,Raaka
2304,Tejas
2461,Wm
2423,Vintage Plantations
1225,Indi
158,Artisan du Chocolat
1754,Or Dubh
2244,Sweet Escalier
1378,Letterpress
133,Arete
357,Burnt Fork Bend
1532,Mast Brothers
2070,Shark Mountain
2259,Szanto Tibor
1207,Hummingbird
496,Cemoi
856,ENNA
1831,Paul Young
1652,MUCHO
73,Amano
1467,Manoa
214,Beau Cacao
127,Arete
2154,Soma
188,Avanaa
468,Carlotta Chocolat
531,Chocolate Con Amor
742,Dick Taylor
2309,Terroir
2010,Rozsavolgyi
333,Brasstown aka It's Chocolate
919,Fossa
2194,Somerville
2220,Starchild
1171,Holy Cacao
2419,Videri
994,Fresco
2235,Suruca Chocolate
272,Bixby
1162,Hogarth
75,Amano
177,Askinosie
174,Aruntam
1272,Kallari (Ecuatoriana)
1928,Q Chocolate
400,Cacao Prieto
991,Fresco
757,Diogo Vaz
1531,Mast Brothers
415,Cacao Santa Fe (Art of Chocolate)
2252,Szanto Tibor
1598,Mike & Becky
328,Brasstown
1781,Pacari
1084,Guittard
1829,Patric
1018,Friis Holm (Bonnat)
1650,Montecristi
2356,Tribe
2190,Soma
923,Fossa
1584,Michel Cluizel
637,Cravve
1007,Friis Holm
1483,Map Chocolate
892,Finca
1708,Nuance
2333,Tiny House
429,Cacaoyere (Ecuatoriana)
1159,Hogarth
18,A. Morin
857,Enric Rovira (Claudio Corallo)
927,Foundry
2227,StRita Supreme
1350,Laia aka Chat-Noir
1317,L.A. Burdick (Felchlin)
2225,Stone Grindz
2313,Terroir
1688,Night Owl
1073,Green Bean to Bar
1768,Original Beans (Felchlin)
2420,Videri
1102,Guittard
1868,Pomm (aka Dead Dog)
571,Choklat
879,Fearless (AMMA)
2264,Szanto Tibor
276,Black Mountain
2342,Tosier
1528,Mast Brothers
2410,Vicuna
2435,Vivra
1302,K'ul
1268,Kakao
1337,La Maison du Chocolat (Valrhona)
219,Belcolade
545,Chocolates by Josh (Box Chocolate)
1976,Ritual
2192,Soma
2388,Valrhona
1351,Laia aka Chat-Noir
2499,Zart Pralinen
1460,Manoa
1324,La Chorena
893,Finca
2036,Scharffen Berger
1025,Fruition
913,Fossa
1594,Middlebury
922,Fossa
1825,Patric
2457,Willie's Cacao
2031,Santander (Compania Nacional)
849,Encuentro
1361,Land
2057,Seahorse
2020,S.A.I.D.
1091,Guittard
1266,Kaitxo
1903,Pralus
183,Atypic
1254,Kah Kow
57,Alexandre
2443,White Label aka Mutari
2113,"Smooth Chocolator, The"
2295,Tejas
1866,Pollinator
1662,Naive
721,Dean and Deluca (Belcolade)
2521,Zotter
1957,Raphio
152,Arete
614,Coppeneur
791,Dormouse
1922,Pura Delizia
2449,Wilkie's Organic
769,Domori
564,Chocovic
439,Cao
2397,Valrhona
2422,Vietcacao (A. Morin)
2170,Soma
394,Cacao Hunters
2137,Soma
61,Altus aka Cao Artisan
2433,Vivra
918,Fossa
1170,Holy Cacao
113,Anahata
1129,Hecho
1573,Meybol
811,Duffy's
84,Amatller (Simon Coll)
507,Chequessett
784,Domori
499,Chaleur B
824,East Van Roasters
530,Chocolate Con Amor
444,Caofiori
388,Cacao de Origen
1712,Oakland Chocolate Co.
242,Beschle (Felchlin)
802,Duffy's
1563,Mesocacao
1534,Mast Brothers
804,Duffy's
281,Blanxart
1504,Marou
2404,Vao Vao (Chocolaterie Robert)
1514,Martin Mayer
2236,Svenska Kakaobolaget
1813,Pangea
2475,Xocolat
30,A. Morin
326,Bowler Man
95,Amedei
702,DAR
1601,Mike & Becky
1458,Manifesto Cacao
2212,Spinnaker
1796,Palette de Bine
1858,Pitch Dark
1443,Maglio
649,Cultura
1630,Moka Origins
2339,Tocoti
2214,Sprungli (Felchlin)
25,A. Morin
2089,Sirene
1553,Meadowlands
1357,L'Amourette
2348,Triangle Roasters
2487,Zacharias
125,Arete
1250,Kad Kokoa
1137,Heirloom Cacao Preservation (Guittard)
36,Acalli
937,Franceschi
2472,Woodblock
556,Chocotenango
2483,Xocolla
744,Dick Taylor
1552,Meadowlands
1020,Friis Holm (Bonnat)
2490,Zak's
2312,Terroir
861,Escazu
1887,Pralus
1258,Kah Kow
1319,La Chocolaterie Nanairo
270,Bixby
459,CAR Artisan
361,Burnt Fork Bend
52,Alain Ducasse
558,Chocovic
122,Arete
1220,Idilio (Felchlin)
192,Bahen & Co.
873,Ethereal
376,Cacao Barry
1142,Heirloom Cacao Preservation (Mindo)
1284,Kin + Pod
1070,Great Lakes
1972,Ritual
389,Cacao de Origen
890,Finca
478,Castronovo
635,Cravve
2466,Woodblock
55,Alain Ducasse
2478,Xocolatisimo
2346,Treehouse aka Indaphoria
785,Domori
1094,Guittard
2171,Soma
1977,Ritual
1703,Nova Monda
2528,Zotter
640,Creo
1389,Lillie Belle
911,Forteza (Cortes)
562,Chocovic
1736,Ohiyo
830,Eclat (Fruition)
159,Artisan du Chocolat
603,Compania de Chocolate (Salgado)
1793,Palette de Bine
2100,"Smooth Chocolator, The"
1644,Monarque
2447,Whittakers
472,Casa Lasevicius
2529,Zotter
383,Cacao de Origen
59,Alexandre
109,AMMA
1613,Milton
1241,Johnny Iuzzini
617,Coppeneur
1237,Johnny Iuzzini
1725,Odyssey
1223,Indah
1208,Hummingbird
6,5150
275,Black Mountain
1958,Raphio
2133,Solstice
124,Arete
1444,Maglio
961,Fresco
2029,Santander (Compania Nacional)
185,Auro
1912,Pump Street Bakery
746,Dick Taylor
1127,Hazel Hill
1367,Legast
2092,Sirene
1938,Quetzalli (Wolter)
620,Coppeneur
2263,Szanto Tibor
240,Bernachon
976,Fresco
1821,Parre Chocolat
2146,Soma
324,Bouga Cacao (Tulicorp)
382,Cacao de Origen
2500,Zokoko
4,5150
423,Cacaosuyo
2470,Woodblock
1131,Heinde & Verre
753,Dick Taylor
2189,Soma
79,Amano
1245,Johnny Iuzzini
51,Alain Ducasse
266,Bittersweet Origins
221,Belcolade
1558,Mellow
190,Bahen & Co.
1631,Moka Origins
1668,Naive
1772,Original Hawaiin Chocolate Factory
1741,Olive and Sinclair
1233,Izard
1882,Potomac
2095,Sirene
1612,Milton
206,Bar Au Chocolat
1954,Raphio
2394,Valrhona
533,Chocolate Con Amor
1044,Georgia Ramon
2117,Snake & Butterfly
679,Dandelion
292,Bonaterra
1614,Mindo
832,El Buen
1009,Friis Holm
62,Altus aka Cao Artisan
1817,Parliament
94,Ambrosia
536,Chocolate Makers
227,Belvie
68,Altus aka Cao Artisan
1722,Ocho
470,Casa
1699,Noir d' Ebine
1751,Omnom
1276,Kallari (Ecuatoriana)
1329,La Feverie (Hasnaa)
2158,Soma
2373,Upchurch
1147,Hemisphere
745,Dick Taylor
838,El Rey
1252,Kad Kokoa
2122,Sol Cacao
424,Cacaosuyo
2329,Thistle & Rose aka Aggie USU
1900,Pralus
1657,Mutari
1547,Mayacama
1017,Friis Holm (Bonnat)
2193,Somerville
1472,Manufaktura Czekolady
1956,Raphio
2474,Woodblock
1743,Olive and Sinclair
2440,Wellington Chocolate Factory
1440,Madre
1819,Parre Chocolat
21,A. Morin
434,C-Amaro
2411,Vicuna
1801,Palette de Bine
1828,Patric
166,Artisan du Chocolat
1300,Kto
1917,Pump Street Bakery
399,Cacao Market
886,Felchlin
2219,Starchild
789,Dormouse
1995,Rogue
1580,Michel Cluizel
224,Bellflower
264,Bittersweet Origins
2017,S.A.I.D.
1107,Habitual
1621,Mirzam
2055,Seahorse
96,Amedei
2230,Sublime Origins
1487,Map Chocolate
23,A. Morin
1173,Holy Cacao
2058,Seahorse
81,Amatller (Simon Coll)
2400,Vanleer (Barry Callebaut)
1526,Mast Brothers
1834,Petite Patrie
2519,Zotter
1169,Hoja Verde (Tulicorp)
414,Cacao Santa Fe (Art of Chocolate)
1340,La Oroquidea
2148,Soma
1697,Noble Bean aka Jerjobo
1540,Maverick
335,Brasstown aka It's Chocolate
2481,Xocolatl
836,El Rey
1561,Mesocacao
408,Cacao Sampaka
435,C-Amaro
2034,Santome
195,Baiani
458,CAR Artisan
1201,Hotel Chocolat (Coppeneur)
97,Amedei
176,Aruntam
2299,Tejas
2296,Tejas
1029,Fruition
2310,Terroir
2327,Theo
412,Cacao Sampaka
411,Cacao Sampaka
198,Bankston
135,Arete
1477,Map Chocolate
2442,White Label aka Mutari
1847,Pierre Marcolini
1848,Pierre Marcolini
1401,Lonohana
1495,Marigold's Finest
1930,Q Chocolate
520,Chocolarder
925,Foundry
112,AMMA
2294,TCHO
2160,Soma
1660,Nahua
24,A. Morin
467,Carlotta Chocolat
847,Emily's
2213,Spinnaker
1542,Maverick
997,Fresh Coast aka Just Good Choc.
239,Benoit Nihant
2460,Wm
1833,Perrenial
1039,Fu Wan
569,Choklat
835,El Ceibo
2463,Wm
330,Brasstown
1095,Guittard
2242,Sweet Escalier
1428,Madecasse (Cinagra)
2426,Vintage Plantations (Tulicorp)
7,A. Morin
1379,Letterpress
1134,Heirloom Cacao Preservation (Brasstown)
2344,Tree to Bar
1271,Kallari (Ecuatoriana)
204,Bar Au Chocolat
1343,La Rifa
1413,Luker
1176,Holy Cacao
2414,Videri
289,Boho
1011,Friis Holm
2162,Soma
2493,Zak's
1064,Gotham
1791,Palet D'Or
2515,Zotter
1572,Metropolitan
1564,Mesocacao
63,Altus aka Cao Artisan
1330,La Maison du Chocolat (Valrhona)
1962,Republica del Cacao (aka Confecta)
440,Cao
120,Ara
647,Cultura
897,Finnia
2181,Soma
342,Brazen
737,Dick Taylor
518,Chococard (Lapos)
1240,Johnny Iuzzini
316,Bonnat
1301,K'ul
2040,Scharffen Berger
50,Akesson's (Pralus)
1974,Ritual
1383,Levy
1077,Grenada Chocolate Co.
884,Felchlin
1063,Gotham
1097,Guittard
87,Amazona
1551,Meadowlands
539,Chocolate Tree
480,Castronovo
1706,Nuance
410,Cacao Sampaka
646,Crow and Moss
1172,Holy Cacao
1135,Heirloom Cacao Preservation (Fruition)
866,Escazu
2278,Taste Artisan
377,Cacao Barry
291,Bonaterra
767,Domori
593,Claudio Corallo
1313,L.A. Burdick (Felchlin)
1376,Letterpress
1332,La Maison du Chocolat (Valrhona)
1632,Moka Origins
1508,Mars
2372,Upchurch
1677,Neuhaus (Callebaut)
8,A. Morin
1293,Krak
1295,Kto
187,Auro
2012,Ruket
2524,Zotter
524,Chocola'te
590,Claudio Corallo
715,De Mendes
2247,Sweetness
2105,"Smooth Chocolator, The"
380,Cacao Betulia
2086,Sirene
2448,Wilkie's Organic
238,Benoit Nihant
1059,Goodnow Farms
2118,Snake & Butterfly
1782,Pacari
481,Castronovo
1420,Lumineux
1607,Millesime
2431,Violet Sky
1263,Kah Kow - USA
123,Arete
173,Artisan du Chocolat (Casa Luker)
137,Arete
2494,Zart Pralinen
627,Coppeneur
758,Doble & Bignall
1247,Jordis
54,Alain Ducasse
934,Franceschi
22,A. Morin
2119,Soeka
980,Fresco
1310,L.A. Burdick (Felchlin)
1035,Fruition
28,A. Morin
196,Bakau
1325,La Chorena
354,Bronx Grrl Chocolate
153,Argencove
963,Fresco
1141,Heirloom Cacao Preservation (Millcreek)
1666,Naive
1575,Michel Cluizel
654,Dalloway
1001,Friis Holm
1859,Pitch Dark
1797,Palette de Bine
1849,Pierre Marcolini
2439,Wellington Chocolate Factory
675,Dandelion
2067,Shark Mountain
659,Damson
1877,Potomac
1492,Maribea
1116,Hacienda El Castillo
433,C-Amaro
1105,Guittard
1988,Rogue
1641,Momotombo
686,Dandelion
1775,Orquidea
1088,Guittard
290,Bonaterra
1019,Friis Holm (Bonnat)
1916,Pump Street Bakery
297,Bonnat
751,Dick Taylor
632,Cote d' Or (Kraft)
43,Aelan
1805,Palette de Bine
1410,Luisa Abram
457,CAR Artisan
981,Fresco
894,Finnia
287,Blue Bandana
2349,Triangle Roasters
1804,Palette de Bine
693,Danta
2257,Szanto Tibor
145,Arete
812,Duffy's
949,French Broad
2336,Tobago Estate (Pralus)
1502,Marou
851,Encuentro
1771,Original Beans (Felchlin)
2311,Terroir
2153,Soma
1066,Grand Place
690,Dandelion (aka Brower Ave)
2319,Terroir
0,5150
1766,Original Beans (Felchlin)
605,Compania de Chocolate (Salgado)
2079,Silvio Bessone
1535,Matale
2512,Zotter
1224,Indi
45,Aequare (Gianduja)
2491,Zak's
2002,Rogue
810,Duffy's
1810,Pangea
1836,Pierre Marcolini
1468,Manufaktura Czekolady
2027,Salgado
1765,organicfair
1818,Parliament
1574,Michel Cluizel
1714,Obolo
1100,Guittard
1597,Middlebury
33,Acalli
252,Bisou
351,Bright
344,Brazen
2115,"Smooth Chocolator, The"
1634,Moka Origins
1827,Patric
846,Emily's
232,Benns
2094,Sirene
2479,Xocolatl
1905,Pralus
2076,Sibu
1952,Raoul Boulanger
1226,iQ Chocolate
658,Damson
816,Dulcinea
1326,La Chorena
320,Bonnat
1527,Mast Brothers
1914,Pump Street Bakery
1596,Middlebury
538,Chocolate Tree
967,Fresco
346,Brazen
1161,Hogarth
561,Chocovic
1244,Johnny Iuzzini
2286,Taza
1543,Maverick
306,Bonnat
1599,Mike & Becky
2473,Woodblock
432,C-Amaro
1212,Hummingbird
667,Dandelion
2102,"Smooth Chocolator, The"
2203,Spagnvola
2039,Scharffen Berger
1160,Hogarth
859,Erithaj (A. Morin)
1391,Lindt & Sprungli
1506,Marou
2496,Zart Pralinen
1412,Luisa's Vegan
2379,Valrhona
1925,Pura Delizia
1382,Letterpress
1067,Great Lakes
398,Cacao Hunters
839,El Rey
1387,Lillie Belle
823,Durci
1372,Letterpress
2374,Urzi
1099,Guittard
337,Brasstown aka It's Chocolate
456,CAR Artisan
2139,Soma
2476,Xocolatisimo
1606,Millesime
582,Christopher Elbow
1949,Ranger
1899,Pralus
498,Chaleur B
671,Dandelion
1026,Fruition
1511,Mars
110,AMMA
222,Belcolade
2229,StRita Supreme
32,A. Morin
1214,Idilio (Felchlin)
522,Chocolarder
1955,Raphio
947,French Broad
1959,Raw Cocoa
606,Compania de Chocolate (Salgado)
1267,Kaitxo
1512,Marsatta
1145,hello cocoa (now Markham & Fitz)
1760,organicfair
882,Feitoria Cacao
669,Dandelion
1646,Monsoon
2112,"Smooth Chocolator, The"
1180,Hotel Chocolat
2237,Svenska Kakaobolaget
1282,Kerchner
872,Ethel's Artisan (Mars)
1388,Lillie Belle
260,Bittersweet Origins
1455,Mana
2392,Valrhona
1617,Mirzam
1642,Momotombo
189,Avanaa
1478,Map Chocolate
2413,Videri
1748,Omanhene
2073,Shark's
970,Fresco
2239,sweet beans
1985,Robert (aka Chocolaterie Robert)
968,Fresco
610,Conjure
2195,Soul
271,Bixby
586,Christopher Elbow
302,Bonnat
1261,Kah Kow - USA
817,Durand
1143,Heirloom Cacao Preservation (Zokoko)
2401,Vanleer (Barry Callebaut)
1888,Pralus
1338,La Maison du Chocolat (Valrhona)
1844,Pierre Marcolini
532,Chocolate Con Amor
2287,TCHO
1285,Kiskadee
1727,Odyssey
1089,Guittard
1076,Grenada Chocolate Co.
2059,Seahorse
1132,Heinde & Verre
119,Ara
421,Cacaodada
2408,Vicuna
2200,Soul
975,Fresco
2361,twenty-four blackbirds
1676,Neuhaus (Callebaut)
2205,Spencer
2069,Shark Mountain
355,Bullion
2033,Santander (Compania Nacional)
420,Cacaodada
208,Baravelli's
2234,Suruca Chocolate
1628,Moho
77,Amano
101,Amedei
608,Confluence
1280,Kasama
1838,Pierre Marcolini
779,Domori
1521,Mast Brothers
1200,Hotel Chocolat (Coppeneur)
710,Dark Forest
1303,K'ul
1096,Guittard
5,5150
1587,Middlebury
2307,Tejas
1578,Michel Cluizel
171,Artisan du Chocolat
2015,Ruket
1774,Orquidea
553,Chocosol
364,Cacai Cacao
628,Coppeneur
1441,Madre
1298,Kto
378,Cacao Betulia
1883,Pralus
1404,Love Bar
2485,Zac Squared
263,Bittersweet Origins
1359,L'Amourette
2502,Zokoko
1281,Kasama
70,Altus aka Cao Artisan
661,Dancing Lion
218,Beehive
926,Foundry
825,East Van Roasters
909,Forever Cacao
764,Dolfin (Belcolade)
2120,Soklet
930,Foundry
1837,Pierre Marcolini
2393,Valrhona
1759,Orfeve
1438,Madre
521,Chocolarder
1901,Pralus
1055,Goodnow Farms
2126,Solomons Gold
2328,Theobroma
1997,Rogue
1816,Parliament
1196,Hotel Chocolat (Coppeneur)
2253,Szanto Tibor
2166,Soma
2482,Xocolla
1832,Peppalo
1554,Meadowlands
392,Cacao Hunters
915,Fossa
908,FJAK
144,Arete
161,Artisan du Chocolat
282,Blanxart
3,5150
845,Emerald Estate
2270,Tablette (aka Vanillabeans)
1711,Nugali
1941,Raaka
1733,Odyssey
895,Finnia
1742,Olive and Sinclair
560,Chocovic
2258,Szanto Tibor
2450,Wilkie's Organic
2096,Sirene
2060,Seahorse
1651,Montecristi
205,Bar Au Chocolat
1405,Love Brown
1136,Heirloom Cacao Preservation (Guittard)
340,Brasstown aka It's Chocolate
179,Askinosie
1919,Pump Street Bakery
1555,Mellow
1309,L.A. Burdick (Felchlin)
1826,Patric
471,Casa Lasevicius
257,Bittersweet Origins
1942,Raaka
1352,Laia aka Chat-Noir
14,A. Morin
1548,McGuire
615,Coppeneur
2174,Soma
1529,Mast Brothers
1870,Poppy and Peep
489,Castronovo
1429,Madecasse (Cinagra)
1721,Ocho
1363,Land
466,Carlotta Chocolat
2151,Soma
958,Fresco
178,Askinosie
2024,Salgado
1783,Pacari
2082,Silvio Bessone
870,Ethel's Artisan (Mars)
625,Coppeneur
1798,Palette de Bine
1486,Map Chocolate
1946,Rain Republic
2233,Summerbird
771,Domori
1533,Mast Brothers
1608,Millesime
1355,Lajedo do Ouro
1003,Friis Holm
2305,Tejas
799,Duffy's
1622,Misina
1353,Laia aka Chat-Noir
1421,Lumineux
1785,Pacari
172,Artisan du Chocolat
162,Artisan du Chocolat
2025,Salgado
706,Dark Forest
293,Bonnat
969,Fresco
1530,Mast Brothers
1667,Naive
160,Artisan du Chocolat
2326,Theo
442,Cao
409,Cacao Sampaka
840,El Rey
1488,Map Chocolate
1740,Olive and Sinclair
200,Bankston
2068,Shark Mountain
1566,Mesocacao
1246,Johnny Iuzzini
323,Bouga Cacao (Tulicorp)
2377,Vaka
9,A. Morin
1299,Kto
2402,Vao Vao (Chocolaterie Robert)
515,Choco Dong
2250,Szanto Tibor
2165,Soma
2467,Woodblock
1515,Martin Mayer
1637,Molucca
2513,Zotter
1433,Madre
581,Christopher Elbow
1746,Olivia
663,Dandelion
2503,Zokoko
1739,Oialla by Bojessen (Malmo)
989,Fresco
1968,Ritual
697,Danta
202,Bar Au Chocolat
2417,Videri
1728,Odyssey
1939,Quetzalli (Wolter)
543,Chocolate Tree
1153,hexx
1879,Potomac
1872,Poppy and Peep
1890,Pralus
1306,Kyya
2093,Sirene
1684,Nibble
2187,Soma
962,Fresco
2275,Tan Ban Skrati
1970,Ritual
1865,Pollinator
1550,Meadowlands
2267,Tabal
1940,Raaka
1470,Manufaktura Czekolady
678,Dandelion
1585,Michel Cluizel
476,Castronovo
446,Caofiori
807,Duffy's
1620,Mirzam
2350,Triangle Roasters
1417,Lumineux
728,Definite
781,Domori
580,Christopher Elbow
787,Domori
891,Finca
842,El Rey
2065,Shane Chocolate Works
662,Dancing Lion
283,Blue Bandana
2256,Szanto Tibor
1701,Nova Monda
711,Davis
566,Chocovivo
2202,Spagnvola
1360,L'Amourette
896,Finnia
633,Cravve
1565,Mesocacao
957,Fresco
